No,Jenis_Kain,Jenis_Sablon,Suhu_Mesin,Kecepatan_Cetak,Operator,Cacat
1,TC,Plastisol,170.8,3.05,Budi,Tidak
2,Cotton,Discharge,173.1,3.98,Asep,Tidak
3,TC,Rubber,171.0,2.69,Budi,Cacat
4,TC,Discharge,170.8,2.9,Rini,Cacat
5,Cotton,Rubber,187.7,4.12,Asep,Tidak
6,Cotton,Discharge,182.7,3.06,Budi,Tidak
7,Polyester,Plastisol,172.8,2.69,Deni,Cacat
8,TC,Rubber,194.2,3.96,Asep,Tidak
9,Polyester,Plastisol,186.6,4.16,Deni,Tidak
10,TC,Plastisol,191.1,2.59,Budi,Tidak
11,Polyester,Plastisol,195.7,4.23,Rini,Cacat
12,Polyester,Rubber,189.1,3.23,Deni,Tidak
13,Polyester,Plastisol,190.1,3.9,Asep,Tidak
14,TC,Discharge,175.1,3.96,Budi,Cacat
15,Polyester,Rubber,178.1,4.35,Budi,Cacat
16,TC,Rubber,195.3,4.05,Budi,Cacat
17,Cotton,Rubber,182.0,2.63,Deni,Tidak
18,Cotton,Discharge,185.0,4.27,Rini,Cacat
19,Cotton,Rubber,174.2,3.99,Deni,Tidak
20,TC,Discharge,182.9,3.67,Deni,Cacat
21,Cotton,Plastisol,185.3,2.68,Asep,Tidak
22,Cotton,Plastisol,188.8,4.08,Rini,Tidak
23,TC,Plastisol,181.5,3.69,Rini,Tidak
24,TC,Rubber,199.1,4.22,Asep,Cacat
25,TC,Discharge,173.4,4.27,Deni,Cacat
26,TC,Rubber,173.3,3.37,Rini,Tidak
27,Cotton,Discharge,196.3,3.03,Budi,Cacat
28,TC,Plastisol,196.1,3.1,Budi,Cacat
29,Cotton,Rubber,192.9,3.58,Asep,Tidak
30,TC,Rubber,184.7,2.72,Deni,Tidak
31,Polyester,Plastisol,171.7,4.26,Asep,Cacat
32,Cotton,Discharge,184.6,2.64,Budi,Tidak
33,Cotton,Discharge,184.3,3.6,Deni,Tidak
34,TC,Discharge,182.7,2.92,Budi,Cacat
35,TC,Rubber,182.0,3.84,Deni,Tidak
36,Polyester,Discharge,183.5,3.0,Asep,Tidak
37,Polyester,Plastisol,187.6,2.96,Budi,Tidak
38,Cotton,Plastisol,191.2,2.62,Asep,Tidak
39,Cotton,Rubber,172.1,2.98,Rini,Cacat
40,Cotton,Discharge,174.0,4.37,Rini,Cacat
41,Cotton,Rubber,194.2,2.88,Asep,Tidak
42,TC,Rubber,180.6,3.32,Asep,Tidak
43,TC,Discharge,199.5,2.7,Rini,Cacat
44,TC,Rubber,194.0,2.72,Budi,Tidak
45,Cotton,Discharge,183.5,3.34,Deni,Tidak
46,Polyester,Plastisol,196.2,2.65,Asep,Cacat
47,Cotton,Discharge,200.0,4.17,Asep,Cacat
48,Cotton,Plastisol,182.2,3.46,Rini,Tidak
49,Cotton,Plastisol,181.4,4.47,Deni,Cacat
50,Polyester,Rubber,182.7,4.41,Rini,Cacat
51,Cotton,Plastisol,178.9,4.44,Asep,Cacat
52,TC,Rubber,171.7,3.67,Budi,Tidak
53,Cotton,Discharge,172.4,2.87,Asep,Cacat
54,TC,Plastisol,182.1,4.38,Budi,Cacat
55,TC,Discharge,171.2,2.66,Deni,Cacat
56,Polyester,Plastisol,190.1,3.13,Deni,Tidak
57,Polyester,Plastisol,190.2,3.1,Deni,Tidak
58,Cotton,Plastisol,183.7,4.5,Asep,Cacat
59,Cotton,Discharge,176.4,3.03,Deni,Tidak
60,Cotton,Plastisol,181.1,2.82,Deni,Tidak
61,TC,Discharge,185.9,3.84,Deni,Cacat
62,TC,Plastisol,198.2,2.77,Asep,Cacat
63,Cotton,Discharge,186.6,3.04,Budi,Tidak
64,TC,Rubber,176.1,3.77,Deni,Tidak
65,TC,Rubber,177.5,4.32,Asep,Cacat
66,Cotton,Discharge,182.7,3.05,Asep,Tidak
67,Polyester,Plastisol,189.1,3.02,Rini,Tidak
68,TC,Discharge,182.8,2.52,Asep,Cacat
69,TC,Plastisol,186.4,4.17,Budi,Tidak
70,Polyester,Plastisol,171.3,3.23,Asep,Tidak
71,Polyester,Plastisol,190.5,3.83,Deni,Tidak
72,TC,Rubber,199.2,4.0,Budi,Cacat
73,Cotton,Plastisol,196.4,2.55,Deni,Cacat
74,Polyester,Discharge,195.9,4.12,Deni,Cacat
75,Cotton,Discharge,173.2,4.24,Rini,Cacat
76,Cotton,Plastisol,194.5,3.42,Deni,Tidak
77,Cotton,Plastisol,170.7,2.89,Deni,Cacat
78,Polyester,Plastisol,199.0,3.06,Rini,Cacat
79,TC,Discharge,179.9,2.56,Deni,Cacat
80,Cotton,Discharge,198.9,3.03,Asep,Cacat
81,TC,Rubber,180.4,4.07,Rini,Tidak
82,TC,Discharge,173.5,4.3,Budi,Cacat
83,Polyester,Plastisol,191.3,2.5,Budi,Tidak
84,Polyester,Rubber,172.1,3.83,Deni,Tidak
85,TC,Rubber,189.9,2.75,Deni,Tidak
86,TC,Rubber,190.0,3.15,Deni,Tidak
87,TC,Plastisol,175.8,3.83,Rini,Tidak
88,TC,Discharge,197.1,3.73,Deni,Cacat
89,Polyester,Discharge,195.0,3.11,Budi,Tidak
90,Polyester,Discharge,188.2,3.14,Rini,Tidak
91,Polyester,Discharge,176.4,3.45,Budi,Tidak
92,TC,Plastisol,178.5,3.83,Deni,Tidak
93,Cotton,Plastisol,190.2,2.95,Budi,Tidak
94,Cotton,Plastisol,171.4,4.47,Asep,Cacat
95,Polyester,Rubber,196.6,3.65,Rini,Cacat
96,Polyester,Rubber,177.3,3.81,Asep,Tidak
97,Cotton,Rubber,176.6,4.11,Rini,Tidak
98,Cotton,Discharge,177.5,4.2,Rini,Tidak
99,Cotton,Rubber,190.0,4.48,Deni,Cacat
100,Polyester,Discharge,194.5,4.28,Rini,Cacat
101,TC,Rubber,196.9,3.99,Rini,Cacat
102,Polyester,Rubber,192.6,4.18,Deni,Tidak
103,TC,Rubber,188.8,3.05,Asep,Tidak
104,TC,Rubber,177.0,3.17,Asep,Tidak
105,Cotton,Plastisol,176.9,3.89,Budi,Tidak
106,Cotton,Rubber,182.2,3.59,Rini,Tidak
107,Cotton,Plastisol,195.0,3.28,Asep,Tidak
108,TC,Rubber,184.3,4.39,Deni,Cacat
109,Polyester,Rubber,186.1,3.97,Budi,Tidak
110,Polyester,Plastisol,178.2,3.47,Rini,Tidak
111,Polyester,Discharge,190.4,3.31,Budi,Tidak
112,Polyester,Plastisol,199.4,3.57,Rini,Cacat
113,TC,Discharge,189.9,2.67,Rini,Cacat
114,Cotton,Rubber,175.5,3.02,Deni,Tidak
115,Cotton,Rubber,179.8,4.02,Rini,Tidak
116,Polyester,Rubber,177.6,2.66,Asep,Tidak
117,TC,Discharge,171.6,4.4,Budi,Cacat
118,TC,Plastisol,193.4,3.8,Asep,Tidak
119,Cotton,Plastisol,195.2,3.74,Budi,Cacat
120,Cotton,Rubber,190.1,3.63,Budi,Tidak
121,Polyester,Discharge,177.7,3.24,Asep,Tidak
122,Cotton,Rubber,173.2,2.55,Deni,Cacat
123,TC,Discharge,197.2,3.25,Budi,Cacat
124,Cotton,Discharge,190.7,3.75,Asep,Tidak
125,TC,Rubber,195.5,3.7,Asep,Cacat
126,TC,Plastisol,180.4,3.36,Deni,Tidak
127,Cotton,Discharge,189.4,2.53,Rini,Tidak
128,Polyester,Plastisol,183.0,3.22,Rini,Tidak
129,TC,Plastisol,183.1,3.97,Deni,Tidak
130,TC,Discharge,193.2,3.43,Deni,Cacat
131,Polyester,Plastisol,194.9,2.67,Rini,Tidak
132,Cotton,Rubber,187.1,3.84,Deni,Tidak
133,Cotton,Rubber,195.5,2.86,Budi,Cacat
134,Polyester,Rubber,180.2,4.26,Deni,Cacat
135,TC,Plastisol,185.5,2.88,Budi,Tidak
136,TC,Rubber,184.7,4.02,Rini,Tidak
137,TC,Discharge,184.7,4.09,Asep,Cacat
138,Polyester,Plastisol,182.1,2.99,Deni,Tidak
139,Polyester,Discharge,185.9,3.35,Deni,Tidak
140,Polyester,Discharge,183.6,3.11,Budi,Tidak
141,Cotton,Discharge,175.8,2.74,Budi,Tidak
142,Cotton,Plastisol,192.2,3.05,Deni,Tidak
143,Cotton,Plastisol,178.9,3.22,Deni,Tidak
144,Cotton,Discharge,186.0,3.05,Asep,Tidak
145,TC,Rubber,190.9,2.75,Rini,Tidak
146,Cotton,Plastisol,187.2,3.44,Rini,Tidak
147,Polyester,Plastisol,199.0,3.0,Rini,Cacat
148,Cotton,Plastisol,182.0,2.65,Asep,Tidak
149,Cotton,Plastisol,194.3,4.4,Asep,Cacat
150,Cotton,Plastisol,186.7,3.33,Budi,Tidak
151,TC,Rubber,183.5,3.39,Rini,Tidak
152,Polyester,Discharge,188.6,3.72,Asep,Tidak
153,Cotton,Discharge,176.3,3.82,Budi,Tidak
154,Cotton,Plastisol,186.6,2.81,Rini,Tidak
155,Polyester,Discharge,187.8,3.08,Budi,Tidak
156,Polyester,Discharge,178.5,4.22,Asep,Cacat
157,TC,Plastisol,197.7,4.08,Budi,Cacat
158,Polyester,Plastisol,186.3,3.8,Deni,Tidak
159,Cotton,Plastisol,171.8,4.09,Deni,Tidak
160,Polyester,Plastisol,184.1,3.11,Rini,Tidak
161,Polyester,Discharge,186.2,3.38,Asep,Tidak
162,Polyester,Discharge,179.7,3.0,Asep,Tidak
163,Cotton,Discharge,195.1,3.65,Asep,Cacat
164,TC,Rubber,187.3,4.03,Budi,Tidak
165,Polyester,Discharge,189.5,4.33,Budi,Cacat
166,TC,Rubber,189.0,3.48,Asep,Tidak
167,Polyester,Rubber,182.3,3.14,Asep,Tidak
168,Cotton,Rubber,182.3,3.49,Rini,Tidak
169,TC,Plastisol,183.6,3.13,Deni,Tidak
170,Cotton,Rubber,195.9,4.15,Asep,Cacat
171,TC,Discharge,183.9,2.61,Deni,Cacat
172,TC,Rubber,188.8,4.02,Budi,Tidak
173,Polyester,Discharge,173.9,3.08,Rini,Tidak
174,Cotton,Plastisol,199.2,3.72,Budi,Cacat
175,TC,Plastisol,179.3,2.53,Rini,Tidak
176,Cotton,Plastisol,199.8,4.33,Rini,Cacat
177,Cotton,Discharge,195.0,3.5,Deni,Tidak
178,TC,Discharge,178.2,4.17,Rini,Cacat
179,Cotton,Rubber,186.5,3.27,Budi,Tidak
180,Cotton,Rubber,193.2,4.21,Deni,Cacat
181,TC,Rubber,194.6,3.07,Deni,Tidak
182,TC,Discharge,200.0,3.48,Budi,Cacat
183,Polyester,Discharge,184.5,3.16,Rini,Tidak
184,Polyester,Rubber,196.1,4.46,Budi,Cacat
185,TC,Rubber,177.0,4.05,Asep,Tidak
186,Polyester,Discharge,184.2,4.33,Rini,Cacat
187,Polyester,Discharge,193.8,3.8,Budi,Tidak
188,Polyester,Plastisol,173.8,4.43,Deni,Cacat
189,Cotton,Rubber,173.0,4.32,Asep,Cacat
190,TC,Plastisol,182.3,3.81,Budi,Tidak
191,Cotton,Rubber,193.4,3.03,Rini,Tidak
192,TC,Plastisol,195.6,4.2,Rini,Cacat
193,Polyester,Discharge,191.6,4.02,Asep,Tidak
194,TC,Plastisol,177.0,3.87,Deni,Tidak
195,Cotton,Discharge,172.7,4.46,Asep,Cacat
196,Polyester,Plastisol,190.8,4.31,Asep,Cacat
197,Polyester,Plastisol,178.8,3.25,Budi,Tidak
198,Cotton,Discharge,182.4,3.86,Budi,Tidak
199,Cotton,Plastisol,172.4,4.24,Budi,Cacat
200,Polyester,Discharge,174.3,3.42,Deni,Tidak
201,Polyester,Rubber,190.0,4.3,Rini,Cacat
202,Polyester,Discharge,186.4,2.65,Deni,Tidak
203,TC,Rubber,189.2,3.35,Deni,Tidak
204,Polyester,Rubber,176.0,3.27,Rini,Tidak
205,Cotton,Plastisol,181.4,3.22,Deni,Tidak
206,TC,Rubber,170.7,4.16,Rini,Tidak
207,Polyester,Plastisol,187.0,3.87,Asep,Tidak
208,TC,Discharge,184.9,4.31,Deni,Cacat
209,Cotton,Discharge,194.1,2.94,Budi,Tidak
210,TC,Rubber,190.3,3.94,Budi,Tidak
211,TC,Plastisol,197.1,3.79,Deni,Cacat
212,Polyester,Plastisol,187.4,3.96,Asep,Tidak
213,Polyester,Rubber,192.4,2.85,Budi,Tidak
214,TC,Rubber,185.9,4.33,Budi,Cacat
215,Polyester,Rubber,199.0,3.09,Deni,Cacat
216,Cotton,Rubber,198.9,2.78,Budi,Cacat
217,TC,Discharge,190.2,3.29,Deni,Cacat
218,Cotton,Rubber,170.4,3.57,Rini,Tidak
219,Polyester,Discharge,192.5,3.02,Rini,Tidak
220,TC,Rubber,173.3,2.97,Asep,Cacat
221,TC,Discharge,179.8,3.72,Asep,Cacat
222,TC,Rubber,197.3,3.1,Rini,Cacat
223,Cotton,Plastisol,171.4,2.57,Rini,Cacat
224,Cotton,Plastisol,177.0,3.58,Rini,Tidak
225,Polyester,Rubber,190.1,3.99,Rini,Tidak
226,TC,Discharge,191.8,4.27,Asep,Cacat
227,Polyester,Discharge,182.2,4.4,Asep,Cacat
228,TC,Rubber,176.5,3.39,Budi,Tidak
229,Polyester,Plastisol,199.4,3.23,Deni,Cacat
230,Cotton,Rubber,178.3,4.44,Rini,Cacat
231,Cotton,Discharge,176.4,3.78,Asep,Tidak
232,Cotton,Rubber,177.3,2.75,Budi,Tidak
233,Cotton,Discharge,176.2,2.93,Budi,Tidak
234,Polyester,Plastisol,193.7,3.69,Deni,Tidak
235,Cotton,Plastisol,186.2,4.1,Asep,Tidak
236,TC,Plastisol,174.0,3.22,Budi,Tidak
237,TC,Rubber,170.5,3.03,Budi,Tidak
238,TC,Rubber,185.8,3.99,Rini,Tidak
239,Polyester,Rubber,185.4,2.72,Budi,Tidak
240,TC,Plastisol,191.8,4.32,Deni,Cacat
241,Polyester,Discharge,198.9,2.62,Rini,Cacat
242,Polyester,Rubber,190.6,3.48,Rini,Tidak
243,Cotton,Plastisol,179.7,2.8,Budi,Tidak
244,Polyester,Discharge,189.0,3.6,Deni,Tidak
245,Polyester,Discharge,185.9,3.41,Rini,Tidak
246,Cotton,Discharge,173.4,3.81,Budi,Tidak
247,Polyester,Rubber,196.6,3.33,Rini,Cacat
248,Polyester,Rubber,191.9,3.13,Deni,Tidak
249,TC,Rubber,181.2,2.81,Rini,Tidak
250,Cotton,Plastisol,195.0,2.69,Asep,Tidak
251,TC,Discharge,181.2,2.76,Asep,Cacat
252,TC,Discharge,186.9,3.84,Rini,Cacat
253,Polyester,Discharge,198.2,3.35,Asep,Cacat
254,Polyester,Discharge,179.4,2.71,Budi,Tidak
255,Cotton,Discharge,184.5,4.19,Deni,Tidak
256,TC,Rubber,173.4,3.06,Budi,Tidak
257,Polyester,Discharge,199.2,4.14,Asep,Cacat
258,TC,Discharge,194.9,3.03,Budi,Cacat
259,Polyester,Discharge,192.9,4.34,Deni,Cacat
260,Cotton,Plastisol,196.1,3.63,Rini,Cacat
261,Cotton,Plastisol,192.2,4.44,Asep,Cacat
262,TC,Discharge,176.5,3.34,Deni,Cacat
263,Cotton,Rubber,179.3,3.15,Asep,Tidak
264,Cotton,Plastisol,174.7,3.74,Asep,Tidak
265,Polyester,Rubber,189.9,3.47,Rini,Tidak
266,Polyester,Rubber,176.5,3.52,Deni,Tidak
267,Polyester,Plastisol,178.5,3.86,Rini,Tidak
268,TC,Discharge,179.3,2.94,Asep,Cacat
269,Cotton,Plastisol,179.0,2.92,Budi,Tidak
270,Polyester,Rubber,179.8,2.52,Rini,Tidak
271,Cotton,Plastisol,181.4,3.91,Deni,Tidak
272,Cotton,Rubber,195.9,2.58,Asep,Cacat
273,Polyester,Plastisol,195.9,3.65,Rini,Cacat
274,TC,Discharge,182.5,2.73,Asep,Cacat
275,Polyester,Plastisol,194.0,3.74,Deni,Tidak
276,Cotton,Rubber,195.3,2.99,Rini,Cacat
277,TC,Plastisol,181.9,3.12,Deni,Tidak
278,Cotton,Rubber,193.4,2.65,Asep,Tidak
279,TC,Discharge,175.8,4.05,Deni,Cacat
280,TC,Discharge,194.5,2.97,Budi,Cacat
281,Polyester,Plastisol,175.2,2.81,Asep,Tidak
282,Cotton,Discharge,184.8,4.01,Rini,Tidak
283,TC,Discharge,189.3,4.47,Deni,Cacat
284,TC,Rubber,174.5,2.64,Rini,Cacat
285,TC,Rubber,193.9,3.68,Deni,Tidak
286,TC,Plastisol,179.3,3.4,Asep,Tidak
287,Polyester,Rubber,172.3,4.23,Asep,Cacat
288,TC,Discharge,185.2,3.43,Asep,Cacat
289,Polyester,Discharge,189.6,3.14,Rini,Tidak
290,TC,Plastisol,198.7,3.4,Deni,Cacat
291,TC,Plastisol,185.1,2.85,Budi,Tidak
292,TC,Rubber,199.7,3.55,Budi,Cacat
293,Polyester,Rubber,197.5,3.27,Deni,Cacat
294,TC,Discharge,171.6,3.76,Deni,Cacat
295,Cotton,Rubber,172.8,3.86,Deni,Tidak
296,Polyester,Discharge,195.5,4.43,Budi,Cacat
297,Polyester,Plastisol,187.5,2.78,Deni,Tidak
298,Polyester,Discharge,191.0,3.28,Asep,Tidak
299,Polyester,Discharge,181.3,4.08,Budi,Tidak
300,TC,Discharge,194.9,3.98,Asep,Cacat
301,TC,Discharge,182.7,3.22,Deni,Cacat
302,Polyester,Plastisol,198.5,3.18,Rini,Cacat
303,Cotton,Plastisol,200.0,2.81,Deni,Cacat
304,Cotton,Discharge,193.1,4.17,Asep,Tidak
305,TC,Rubber,196.3,3.74,Rini,Cacat
306,Cotton,Plastisol,175.4,3.89,Budi,Tidak
307,TC,Rubber,171.3,3.23,Budi,Tidak
308,Polyester,Discharge,178.5,4.0,Rini,Tidak
309,Cotton,Discharge,177.2,4.43,Rini,Cacat
310,Cotton,Rubber,190.3,3.64,Rini,Tidak
311,Polyester,Rubber,193.3,3.51,Rini,Tidak
312,Cotton,Plastisol,194.0,2.78,Deni,Tidak
313,Cotton,Discharge,184.4,3.24,Asep,Tidak
314,TC,Discharge,195.5,3.07,Budi,Cacat
315,Polyester,Rubber,197.2,2.79,Rini,Cacat
316,Cotton,Plastisol,194.5,4.27,Asep,Cacat
317,Polyester,Plastisol,181.9,3.25,Rini,Tidak
318,Cotton,Rubber,176.7,3.14,Asep,Tidak
319,TC,Discharge,180.1,2.79,Asep,Cacat
320,Polyester,Rubber,190.9,2.78,Rini,Tidak
321,Polyester,Discharge,170.2,2.66,Deni,Cacat
322,Cotton,Plastisol,186.5,3.95,Rini,Tidak
323,Cotton,Rubber,177.1,2.74,Budi,Tidak
324,Polyester,Discharge,193.8,3.41,Asep,Tidak
325,Polyester,Discharge,186.1,3.76,Budi,Tidak
326,TC,Plastisol,178.7,2.5,Deni,Tidak
327,Cotton,Discharge,182.5,3.83,Asep,Tidak
328,TC,Rubber,172.0,3.55,Asep,Tidak
329,Polyester,Rubber,171.3,3.27,Deni,Tidak
330,Polyester,Discharge,170.5,4.08,Deni,Tidak
331,Cotton,Discharge,189.7,2.71,Deni,Tidak
332,Cotton,Plastisol,180.6,3.18,Budi,Tidak
333,TC,Rubber,199.4,3.46,Budi,Cacat
334,Cotton,Plastisol,191.5,4.39,Asep,Cacat
335,Polyester,Plastisol,171.3,2.9,Asep,Cacat
336,Polyester,Rubber,185.5,4.48,Rini,Cacat
337,Polyester,Plastisol,192.6,2.88,Deni,Tidak
338,Cotton,Discharge,180.0,2.75,Deni,Tidak
339,Polyester,Rubber,192.3,4.29,Rini,Cacat
340,Polyester,Plastisol,184.9,3.5,Deni,Tidak
341,Cotton,Discharge,182.7,3.36,Budi,Tidak
342,TC,Rubber,179.6,2.66,Deni,Tidak
343,Polyester,Rubber,188.1,3.35,Rini,Tidak
344,Polyester,Rubber,171.3,4.24,Deni,Cacat
345,TC,Rubber,178.2,4.46,Asep,Cacat
346,Cotton,Discharge,189.1,3.23,Budi,Tidak
347,Cotton,Plastisol,195.5,3.86,Rini,Cacat
348,Cotton,Plastisol,172.0,4.06,Deni,Tidak
349,Polyester,Rubber,198.5,2.56,Budi,Cacat
350,TC,Rubber,198.5,3.24,Asep,Cacat
351,TC,Plastisol,185.9,3.3,Deni,Tidak
352,Cotton,Plastisol,170.8,2.87,Rini,Cacat
353,TC,Plastisol,177.9,3.02,Rini,Tidak
354,Cotton,Discharge,178.6,4.33,Rini,Cacat
355,Cotton,Plastisol,174.1,2.65,Budi,Cacat
356,TC,Rubber,199.9,4.12,Deni,Cacat
357,TC,Rubber,191.3,3.6,Deni,Tidak
358,Polyester,Plastisol,191.4,4.35,Budi,Cacat
359,Polyester,Discharge,176.7,4.47,Budi,Cacat
360,Cotton,Rubber,170.8,3.61,Deni,Tidak
361,Polyester,Discharge,173.9,4.27,Asep,Cacat
362,Polyester,Rubber,200.0,3.94,Rini,Cacat
363,Polyester,Discharge,172.2,4.44,Asep,Cacat
364,Polyester,Rubber,190.4,3.19,Budi,Tidak
365,Cotton,Rubber,185.1,4.24,Asep,Cacat
366,TC,Plastisol,179.1,2.82,Budi,Tidak
367,Polyester,Discharge,196.8,4.19,Deni,Cacat
368,Cotton,Discharge,198.7,3.05,Deni,Cacat
369,TC,Discharge,172.8,3.78,Budi,Cacat
370,Cotton,Discharge,188.7,4.3,Deni,Cacat
371,TC,Plastisol,194.8,2.56,Asep,Tidak
372,TC,Discharge,177.9,2.92,Rini,Cacat
373,TC,Discharge,170.9,4.28,Deni,Cacat
374,TC,Rubber,184.5,4.11,Rini,Tidak
375,Polyester,Rubber,172.2,2.62,Rini,Cacat
376,Polyester,Rubber,183.9,3.18,Budi,Tidak
377,Polyester,Discharge,179.6,4.48,Deni,Cacat
378,Polyester,Plastisol,192.8,3.53,Asep,Tidak
379,Polyester,Plastisol,184.0,3.03,Budi,Tidak
380,Cotton,Plastisol,171.5,4.39,Rini,Cacat
381,Cotton,Plastisol,194.4,4.37,Deni,Cacat
382,Cotton,Plastisol,184.9,3.53,Rini,Tidak
383,Polyester,Rubber,170.7,4.39,Rini,Cacat
384,Cotton,Plastisol,187.5,2.6,Deni,Tidak
385,Polyester,Discharge,196.5,3.81,Rini,Cacat
386,Polyester,Discharge,170.2,2.71,Budi,Cacat
387,Polyester,Discharge,181.0,3.31,Asep,Tidak
388,Polyester,Plastisol,187.1,2.89,Deni,Tidak
389,Cotton,Rubber,185.1,4.03,Deni,Tidak
390,TC,Discharge,188.3,2.76,Asep,Cacat
391,Polyester,Rubber,193.8,3.18,Deni,Tidak
392,Cotton,Plastisol,188.1,3.3,Asep,Tidak
393,Cotton,Plastisol,174.1,3.17,Rini,Tidak
394,TC,Rubber,174.5,4.29,Budi,Cacat
395,Polyester,Discharge,179.6,3.29,Deni,Tidak
396,TC,Rubber,185.2,3.52,Rini,Tidak
397,TC,Discharge,179.0,4.13,Deni,Cacat
398,Polyester,Discharge,173.3,3.33,Deni,Tidak
399,TC,Discharge,188.9,3.69,Deni,Cacat
400,TC,Discharge,187.3,3.94,Rini,Cacat
401,Cotton,Discharge,188.9,3.74,Rini,Tidak
402,Cotton,Discharge,177.3,3.65,Asep,Tidak
403,Cotton,Plastisol,183.2,3.34,Rini,Tidak
404,TC,Plastisol,182.3,4.05,Rini,Tidak
405,TC,Discharge,171.9,2.78,Budi,Cacat
406,TC,Rubber,199.9,3.46,Rini,Cacat
407,Polyester,Plastisol,183.8,3.57,Deni,Tidak
408,TC,Discharge,190.4,4.11,Deni,Cacat
409,TC,Rubber,175.8,2.99,Deni,Tidak
410,Cotton,Rubber,193.1,3.91,Rini,Tidak
411,Polyester,Rubber,180.5,4.37,Deni,Cacat
412,Polyester,Plastisol,187.2,3.59,Rini,Tidak
413,Polyester,Plastisol,178.7,3.08,Asep,Tidak
414,Polyester,Rubber,189.7,3.99,Budi,Tidak
415,Cotton,Discharge,178.1,3.62,Deni,Tidak
416,Cotton,Plastisol,188.5,3.67,Budi,Tidak
417,Cotton,Discharge,197.2,2.95,Budi,Cacat
418,Cotton,Plastisol,182.4,3.93,Asep,Tidak
419,TC,Plastisol,170.2,3.6,Budi,Tidak
420,Polyester,Discharge,198.1,4.26,Rini,Cacat
421,TC,Plastisol,192.7,3.07,Deni,Tidak
422,TC,Plastisol,197.2,2.68,Budi,Cacat
423,TC,Discharge,191.7,4.37,Budi,Cacat
424,Polyester,Plastisol,198.0,2.57,Rini,Cacat
425,Polyester,Plastisol,198.1,4.42,Deni,Cacat
426,Cotton,Plastisol,179.0,3.71,Deni,Tidak
427,Polyester,Rubber,199.7,3.59,Rini,Cacat
428,Cotton,Discharge,184.0,2.89,Asep,Tidak
429,Polyester,Plastisol,191.9,3.8,Budi,Tidak
430,Cotton,Discharge,180.1,3.09,Budi,Tidak
431,Cotton,Discharge,195.7,4.29,Rini,Cacat
432,TC,Rubber,172.6,3.84,Budi,Tidak
433,Cotton,Rubber,179.7,3.0,Deni,Tidak
434,Polyester,Plastisol,183.4,3.03,Deni,Tidak
435,Polyester,Discharge,191.7,2.52,Deni,Tidak
436,TC,Plastisol,171.9,2.74,Deni,Cacat
437,Cotton,Rubber,190.6,4.35,Deni,Cacat
438,TC,Plastisol,189.2,4.38,Deni,Cacat
439,TC,Plastisol,176.6,2.77,Budi,Tidak
440,Polyester,Discharge,199.7,3.25,Rini,Cacat
441,TC,Discharge,194.8,4.02,Asep,Cacat
442,TC,Rubber,185.8,3.22,Asep,Tidak
443,Cotton,Discharge,197.1,2.9,Budi,Cacat
444,Cotton,Rubber,195.6,3.38,Budi,Cacat
445,TC,Discharge,184.7,4.3,Rini,Cacat
446,Cotton,Rubber,174.0,3.33,Asep,Tidak
447,TC,Rubber,190.2,3.12,Asep,Tidak
448,Polyester,Rubber,194.5,3.99,Asep,Tidak
449,Cotton,Rubber,180.3,2.63,Asep,Tidak
450,Cotton,Rubber,171.0,3.32,Budi,Tidak
451,TC,Discharge,189.4,3.34,Rini,Cacat
452,Polyester,Rubber,181.3,3.87,Budi,Tidak
453,TC,Rubber,173.6,4.49,Rini,Cacat
454,TC,Plastisol,191.8,2.95,Asep,Tidak
455,Cotton,Rubber,183.9,3.94,Rini,Tidak
456,TC,Rubber,194.7,3.0,Deni,Tidak
457,Cotton,Rubber,175.7,4.25,Asep,Cacat
458,Cotton,Discharge,182.6,4.03,Asep,Tidak
459,Cotton,Plastisol,172.0,3.69,Rini,Tidak
460,TC,Discharge,191.1,2.6,Asep,Cacat
461,Polyester,Rubber,177.0,2.93,Asep,Tidak
462,Cotton,Discharge,199.8,2.97,Deni,Cacat
463,TC,Discharge,193.2,4.14,Budi,Cacat
464,Polyester,Plastisol,199.6,3.54,Rini,Cacat
465,Polyester,Rubber,171.8,4.4,Budi,Cacat
466,TC,Discharge,182.8,3.49,Deni,Cacat
467,TC,Discharge,181.4,3.55,Rini,Cacat
468,Polyester,Plastisol,179.0,2.87,Rini,Tidak
469,Cotton,Plastisol,179.0,3.92,Rini,Tidak
470,Cotton,Discharge,182.4,3.33,Budi,Tidak
471,Polyester,Plastisol,177.6,3.16,Asep,Tidak
472,Polyester,Rubber,172.8,3.95,Budi,Tidak
473,Cotton,Rubber,181.3,3.71,Asep,Tidak
474,Cotton,Plastisol,194.1,3.68,Budi,Tidak
475,Polyester,Plastisol,196.1,3.17,Asep,Cacat
476,Cotton,Plastisol,198.9,2.73,Rini,Cacat
477,Cotton,Discharge,188.1,2.91,Budi,Tidak
478,TC,Rubber,193.3,3.26,Deni,Tidak
479,Polyester,Rubber,180.8,4.27,Rini,Cacat
480,Cotton,Discharge,184.1,4.18,Budi,Tidak
481,Polyester,Rubber,182.4,3.63,Budi,Tidak
482,TC,Plastisol,170.5,3.61,Rini,Tidak
483,Polyester,Plastisol,175.9,2.96,Budi,Tidak
484,Polyester,Discharge,189.6,3.87,Deni,Tidak
485,Polyester,Discharge,189.3,3.48,Budi,Tidak
486,TC,Rubber,175.1,3.94,Rini,Tidak
487,Cotton,Discharge,199.7,4.41,Asep,Cacat
488,Cotton,Discharge,171.5,2.51,Budi,Cacat
489,TC,Plastisol,172.0,2.8,Budi,Cacat
490,TC,Rubber,181.2,3.74,Rini,Tidak
491,TC,Rubber,170.5,3.56,Rini,Tidak
492,Cotton,Plastisol,185.9,3.05,Deni,Tidak
493,Cotton,Discharge,194.4,3.85,Budi,Tidak
494,Cotton,Plastisol,185.7,2.98,Deni,Tidak
495,Polyester,Rubber,193.8,2.66,Rini,Tidak
496,Polyester,Discharge,177.3,3.89,Deni,Tidak
497,TC,Plastisol,189.6,4.22,Asep,Cacat
498,Cotton,Rubber,181.4,3.61,Asep,Tidak
499,TC,Plastisol,191.1,2.67,Rini,Tidak
500,TC,Rubber,187.0,4.22,Asep,Cacat
501,TC,Plastisol,176.9,4.3,Rini,Cacat
502,Polyester,Plastisol,197.7,3.87,Deni,Cacat
503,TC,Discharge,189.7,2.86,Deni,Cacat
504,Cotton,Plastisol,187.6,4.0,Rini,Tidak
505,Cotton,Rubber,174.9,2.98,Rini,Cacat
506,TC,Discharge,180.0,4.01,Budi,Cacat
507,TC,Discharge,172.4,3.99,Deni,Cacat
508,Cotton,Plastisol,183.1,4.18,Deni,Tidak
509,TC,Discharge,198.6,3.29,Deni,Cacat
510,Cotton,Discharge,178.2,4.49,Rini,Cacat
511,Cotton,Rubber,186.6,3.25,Budi,Tidak
512,TC,Discharge,189.8,2.67,Deni,Cacat
513,Cotton,Discharge,172.2,3.04,Rini,Tidak
514,TC,Discharge,174.6,3.28,Deni,Cacat
515,Cotton,Plastisol,170.2,3.12,Deni,Tidak
516,Polyester,Plastisol,174.0,2.87,Rini,Cacat
517,TC,Discharge,185.4,2.71,Asep,Cacat
518,Polyester,Discharge,172.8,3.7,Deni,Tidak
519,Polyester,Plastisol,178.8,3.28,Asep,Tidak
520,TC,Discharge,197.2,4.46,Budi,Cacat
521,TC,Rubber,175.1,3.04,Deni,Tidak
522,Polyester,Plastisol,171.9,3.37,Rini,Tidak
523,Polyester,Rubber,193.5,3.22,Budi,Tidak
524,TC,Discharge,184.9,3.73,Rini,Cacat
525,Cotton,Plastisol,179.1,4.4,Deni,Cacat
526,TC,Rubber,194.1,3.16,Deni,Tidak
527,Polyester,Discharge,199.2,2.77,Deni,Cacat
528,TC,Discharge,176.0,3.13,Rini,Cacat
529,Polyester,Rubber,192.0,3.77,Budi,Tidak
530,Polyester,Rubber,178.4,4.07,Deni,Tidak
531,Cotton,Discharge,176.0,4.49,Budi,Cacat
532,TC,Discharge,170.8,3.95,Budi,Cacat
533,Polyester,Rubber,194.9,2.64,Rini,Tidak
534,TC,Rubber,174.2,3.11,Deni,Tidak
535,TC,Plastisol,191.5,4.08,Asep,Tidak
536,Polyester,Discharge,184.4,3.3,Rini,Tidak
537,TC,Plastisol,193.7,3.22,Asep,Tidak
538,Cotton,Plastisol,189.7,3.21,Asep,Tidak
539,TC,Discharge,190.3,3.3,Deni,Cacat
540,Polyester,Plastisol,170.3,3.02,Budi,Tidak
541,Polyester,Rubber,181.7,4.04,Budi,Tidak
542,Polyester,Plastisol,184.5,3.09,Asep,Tidak
543,Cotton,Discharge,174.3,3.12,Rini,Tidak
544,Cotton,Discharge,184.5,3.45,Rini,Tidak
545,TC,Discharge,183.6,2.63,Asep,Cacat
546,TC,Plastisol,170.7,3.19,Asep,Tidak
547,TC,Plastisol,197.9,3.98,Budi,Cacat
548,TC,Plastisol,179.9,3.35,Rini,Tidak
549,Cotton,Rubber,188.9,2.87,Rini,Tidak
550,Polyester,Plastisol,192.1,4.27,Rini,Cacat
551,TC,Rubber,181.7,3.91,Budi,Tidak
552,Polyester,Discharge,194.3,2.63,Asep,Tidak
553,TC,Plastisol,181.0,2.89,Asep,Tidak
554,Polyester,Discharge,195.9,3.56,Deni,Cacat
555,TC,Rubber,188.3,3.67,Deni,Tidak
556,Polyester,Rubber,188.5,4.13,Deni,Tidak
557,TC,Discharge,172.5,2.77,Asep,Cacat
558,Cotton,Rubber,173.5,3.25,Budi,Tidak
559,TC,Rubber,182.5,2.78,Rini,Tidak
560,Polyester,Plastisol,184.6,3.57,Budi,Tidak
561,TC,Plastisol,184.7,2.78,Deni,Tidak
562,Polyester,Discharge,171.6,3.22,Asep,Tidak
563,Polyester,Plastisol,175.9,3.27,Rini,Tidak
564,Polyester,Discharge,184.8,3.92,Rini,Tidak
565,Polyester,Plastisol,172.5,2.56,Budi,Cacat
566,Polyester,Plastisol,178.2,3.58,Budi,Tidak
567,Polyester,Discharge,192.3,4.03,Asep,Tidak
568,TC,Plastisol,178.0,3.59,Deni,Tidak
569,TC,Plastisol,192.8,3.38,Budi,Tidak
570,Polyester,Plastisol,192.1,3.81,Budi,Tidak
571,Polyester,Plastisol,183.5,3.2,Asep,Tidak
572,Polyester,Plastisol,193.3,2.97,Deni,Tidak
573,TC,Discharge,189.0,2.83,Budi,Cacat
574,Cotton,Plastisol,194.2,3.64,Deni,Tidak
575,TC,Discharge,175.1,4.46,Deni,Cacat
576,Polyester,Discharge,178.0,4.22,Asep,Cacat
577,Cotton,Rubber,197.6,4.48,Budi,Cacat
578,TC,Plastisol,177.5,3.92,Budi,Tidak
579,TC,Rubber,184.7,3.65,Deni,Tidak
580,TC,Rubber,181.3,2.65,Asep,Tidak
581,Polyester,Discharge,192.5,3.89,Deni,Tidak
582,Polyester,Rubber,179.8,2.5,Asep,Tidak
583,TC,Rubber,189.0,3.89,Asep,Tidak
584,TC,Rubber,176.5,3.36,Budi,Tidak
585,Polyester,Rubber,179.7,3.07,Budi,Tidak
586,TC,Rubber,193.6,4.29,Asep,Cacat
587,Cotton,Plastisol,188.8,4.17,Asep,Tidak
588,Cotton,Plastisol,183.2,2.5,Rini,Tidak
589,Cotton,Discharge,197.3,4.26,Deni,Cacat
590,Cotton,Rubber,172.8,3.22,Asep,Tidak
591,Polyester,Discharge,197.1,2.83,Rini,Cacat
592,TC,Rubber,191.8,4.01,Rini,Tidak
593,TC,Plastisol,191.1,2.5,Rini,Tidak
594,Cotton,Plastisol,187.8,3.54,Rini,Tidak
595,Cotton,Plastisol,190.9,4.13,Rini,Tidak
596,TC,Plastisol,184.3,2.96,Asep,Tidak
597,TC,Plastisol,173.1,3.24,Deni,Tidak
598,Cotton,Rubber,193.2,4.01,Budi,Tidak
599,TC,Discharge,174.3,3.56,Asep,Cacat
600,TC,Discharge,174.9,3.2,Budi,Cacat
601,TC,Discharge,174.5,3.32,Rini,Cacat
602,Cotton,Plastisol,196.9,2.78,Asep,Cacat
603,TC,Discharge,181.5,4.43,Deni,Cacat
604,Cotton,Plastisol,178.3,2.67,Deni,Tidak
605,TC,Plastisol,195.4,3.82,Deni,Cacat
606,Cotton,Discharge,188.2,2.88,Rini,Tidak
607,Polyester,Discharge,171.6,4.3,Budi,Cacat
608,Polyester,Rubber,173.4,3.5,Asep,Tidak
609,TC,Plastisol,199.6,4.37,Budi,Cacat
610,Polyester,Discharge,182.6,3.59,Budi,Tidak
611,Polyester,Plastisol,170.5,2.64,Deni,Cacat
612,Cotton,Plastisol,197.7,4.4,Rini,Cacat
613,TC,Rubber,188.9,3.5,Rini,Tidak
614,Polyester,Discharge,182.1,3.78,Budi,Tidak
615,Polyester,Plastisol,179.3,3.52,Budi,Tidak
616,Cotton,Discharge,179.8,3.67,Asep,Tidak
617,Polyester,Discharge,183.1,4.41,Budi,Cacat
618,Cotton,Plastisol,172.6,3.37,Rini,Tidak
619,TC,Discharge,171.7,3.83,Budi,Cacat
620,Cotton,Plastisol,191.2,3.9,Budi,Tidak
621,Polyester,Rubber,185.7,4.07,Deni,Tidak
622,Cotton,Rubber,173.8,4.06,Deni,Tidak
623,TC,Plastisol,193.1,2.56,Rini,Tidak
624,Polyester,Discharge,171.9,3.92,Asep,Tidak
625,Polyester,Rubber,185.3,2.61,Budi,Tidak
626,Polyester,Plastisol,177.7,2.71,Asep,Tidak
627,Cotton,Discharge,185.3,2.59,Asep,Tidak
628,Cotton,Plastisol,184.2,3.27,Budi,Tidak
629,Cotton,Plastisol,186.6,4.33,Rini,Cacat
630,Cotton,Rubber,177.4,4.33,Deni,Cacat
631,Polyester,Plastisol,187.1,2.74,Asep,Tidak
632,Cotton,Plastisol,194.1,4.46,Rini,Cacat
633,Cotton,Rubber,196.0,4.05,Deni,Cacat
634,Polyester,Plastisol,186.6,2.52,Budi,Tidak
635,Polyester,Discharge,193.5,3.98,Budi,Tidak
636,Polyester,Rubber,187.8,3.49,Budi,Tidak
637,TC,Discharge,192.8,2.99,Asep,Cacat
638,Polyester,Plastisol,177.0,3.19,Asep,Tidak
639,Polyester,Plastisol,192.8,3.25,Deni,Tidak
640,Cotton,Plastisol,185.9,2.98,Rini,Tidak
641,Cotton,Plastisol,191.3,2.69,Budi,Tidak
642,TC,Rubber,191.0,3.24,Asep,Tidak
643,TC,Plastisol,185.2,3.77,Rini,Tidak
644,Cotton,Discharge,187.0,3.37,Budi,Tidak
645,Cotton,Rubber,177.8,3.13,Rini,Tidak
646,TC,Discharge,179.8,3.41,Budi,Cacat
647,Cotton,Plastisol,174.1,4.04,Asep,Tidak
648,Cotton,Plastisol,174.9,3.43,Rini,Tidak
649,Cotton,Discharge,180.7,4.04,Rini,Tidak
650,Polyester,Rubber,178.0,2.74,Budi,Tidak
651,TC,Rubber,194.8,3.89,Asep,Tidak
652,Cotton,Rubber,174.4,3.92,Deni,Tidak
653,Polyester,Discharge,171.5,3.1,Budi,Tidak
654,Cotton,Rubber,195.6,3.61,Budi,Cacat
655,Cotton,Rubber,173.1,4.09,Asep,Tidak
656,Cotton,Plastisol,194.9,4.47,Budi,Cacat
657,Cotton,Rubber,181.2,3.76,Asep,Tidak
658,TC,Discharge,177.8,4.13,Asep,Cacat
659,Cotton,Plastisol,197.1,3.39,Budi,Cacat
660,Cotton,Rubber,173.7,4.38,Asep,Cacat
661,Cotton,Discharge,183.0,3.95,Rini,Tidak
662,Cotton,Rubber,190.5,2.85,Budi,Tidak
663,Cotton,Rubber,178.4,4.27,Asep,Cacat
664,TC,Discharge,188.5,3.79,Rini,Cacat
665,Polyester,Discharge,184.4,2.68,Rini,Tidak
666,Cotton,Rubber,176.0,4.27,Budi,Cacat
667,TC,Discharge,193.8,4.48,Deni,Cacat
668,Polyester,Discharge,193.4,3.19,Deni,Tidak
669,Polyester,Rubber,175.4,3.14,Budi,Tidak
670,Cotton,Rubber,171.8,4.48,Deni,Cacat
671,TC,Plastisol,199.2,2.7,Budi,Cacat
672,Polyester,Discharge,194.5,4.33,Asep,Cacat
673,Cotton,Discharge,195.4,4.09,Deni,Cacat
674,Cotton,Plastisol,177.1,3.14,Deni,Tidak
675,TC,Plastisol,191.1,3.2,Budi,Tidak
676,TC,Plastisol,195.1,4.12,Rini,Cacat
677,TC,Rubber,175.3,2.58,Asep,Tidak
678,Cotton,Discharge,176.6,3.55,Asep,Tidak
679,Polyester,Discharge,176.0,2.76,Budi,Tidak
680,Polyester,Plastisol,170.7,3.67,Budi,Tidak
681,Cotton,Discharge,195.8,4.42,Deni,Cacat
682,TC,Discharge,181.9,2.7,Deni,Cacat
683,Polyester,Plastisol,199.3,3.96,Rini,Cacat
684,TC,Rubber,189.5,2.85,Deni,Tidak
685,Cotton,Discharge,187.7,2.85,Deni,Tidak
686,TC,Discharge,178.8,2.86,Asep,Cacat
687,TC,Discharge,181.7,4.49,Asep,Cacat
688,Cotton,Discharge,179.5,4.12,Budi,Tidak
689,TC,Discharge,173.1,3.49,Deni,Cacat
690,TC,Plastisol,177.1,4.46,Budi,Cacat
691,TC,Plastisol,194.6,3.84,Deni,Tidak
692,Polyester,Plastisol,178.0,3.0,Asep,Tidak
693,Polyester,Rubber,193.6,3.94,Asep,Tidak
694,Polyester,Rubber,192.0,4.44,Rini,Cacat
695,Polyester,Rubber,180.5,3.25,Rini,Tidak
696,TC,Discharge,192.7,2.95,Rini,Cacat
697,Cotton,Plastisol,178.8,3.14,Asep,Tidak
698,Cotton,Rubber,175.1,3.25,Asep,Tidak
699,TC,Plastisol,180.1,4.47,Rini,Cacat
700,TC,Plastisol,182.9,3.81,Rini,Tidak
701,Cotton,Plastisol,173.0,2.91,Budi,Cacat
702,Polyester,Discharge,186.6,4.35,Deni,Cacat
703,TC,Rubber,178.9,2.69,Rini,Tidak
704,TC,Discharge,195.2,2.81,Deni,Cacat
705,Cotton,Rubber,172.6,4.15,Rini,Tidak
706,Cotton,Plastisol,170.8,2.84,Deni,Cacat
707,Cotton,Rubber,195.3,3.12,Rini,Cacat
708,Polyester,Rubber,196.8,3.03,Rini,Cacat
709,Cotton,Rubber,196.6,3.24,Rini,Cacat
710,Cotton,Rubber,183.2,3.03,Deni,Tidak
711,TC,Plastisol,174.5,3.89,Asep,Tidak
712,Cotton,Discharge,180.3,3.58,Budi,Tidak
713,TC,Plastisol,195.2,4.14,Rini,Cacat
714,TC,Discharge,196.0,3.45,Budi,Cacat
715,Polyester,Rubber,172.4,4.31,Asep,Cacat
716,TC,Discharge,197.0,4.1,Budi,Cacat
717,Cotton,Rubber,175.2,4.47,Budi,Cacat
718,Cotton,Plastisol,171.3,2.66,Rini,Cacat
719,Cotton,Discharge,174.4,3.69,Deni,Tidak
720,TC,Plastisol,172.6,3.61,Deni,Tidak
721,Polyester,Discharge,183.7,4.25,Rini,Cacat
722,Cotton,Rubber,174.5,3.63,Asep,Tidak
723,Cotton,Discharge,193.4,4.07,Deni,Tidak
724,Polyester,Rubber,181.5,3.47,Rini,Tidak
725,Cotton,Plastisol,178.3,2.79,Rini,Tidak
726,Cotton,Rubber,196.7,3.16,Budi,Cacat
727,Cotton,Discharge,184.3,3.04,Deni,Tidak
728,Cotton,Rubber,194.5,3.11,Deni,Tidak
729,Polyester,Discharge,190.5,4.44,Budi,Cacat
730,Cotton,Rubber,199.2,3.39,Deni,Cacat
731,Polyester,Discharge,182.5,3.79,Budi,Tidak
732,Polyester,Plastisol,197.4,3.31,Rini,Cacat
733,TC,Rubber,194.6,3.53,Budi,Tidak
734,Cotton,Rubber,191.3,3.31,Asep,Tidak
735,Cotton,Plastisol,196.3,2.9,Asep,Cacat
736,Cotton,Plastisol,183.7,4.34,Budi,Cacat
737,Polyester,Rubber,194.7,3.51,Asep,Tidak
738,TC,Plastisol,177.3,3.48,Rini,Tidak
739,Cotton,Rubber,187.6,3.2,Budi,Tidak
740,Polyester,Discharge,194.9,2.68,Asep,Tidak
741,Polyester,Plastisol,174.9,3.64,Budi,Tidak
742,Cotton,Discharge,176.8,2.91,Rini,Tidak
743,TC,Plastisol,195.9,4.43,Asep,Cacat
744,Polyester,Plastisol,189.4,3.7,Asep,Tidak
745,Cotton,Rubber,188.3,4.39,Deni,Cacat
746,Polyester,Rubber,195.5,3.42,Budi,Cacat
747,Polyester,Rubber,190.3,4.15,Rini,Tidak
748,TC,Plastisol,170.2,4.5,Deni,Cacat
749,TC,Discharge,187.8,3.07,Asep,Cacat
750,Polyester,Plastisol,180.1,3.05,Deni,Tidak
751,Polyester,Rubber,189.7,4.4,Deni,Cacat
752,Cotton,Plastisol,185.5,2.98,Asep,Tidak
753,TC,Rubber,189.8,3.86,Asep,Tidak
754,TC,Rubber,199.9,3.02,Rini,Cacat
755,Polyester,Rubber,192.1,3.67,Budi,Tidak
756,Polyester,Discharge,191.4,3.87,Rini,Tidak
757,TC,Rubber,185.2,4.19,Budi,Tidak
758,Polyester,Plastisol,184.1,3.98,Budi,Tidak
759,TC,Rubber,189.6,2.94,Budi,Tidak
760,TC,Rubber,182.6,4.27,Deni,Cacat
761,Polyester,Discharge,178.8,4.2,Rini,Tidak
762,Cotton,Discharge,187.5,4.39,Asep,Cacat
763,Polyester,Plastisol,185.0,4.23,Rini,Cacat
764,TC,Rubber,182.4,4.24,Budi,Cacat
765,Cotton,Plastisol,180.3,4.47,Rini,Cacat
766,Cotton,Rubber,195.9,2.86,Asep,Cacat
767,Polyester,Rubber,188.9,2.85,Asep,Tidak
768,Cotton,Rubber,178.2,4.02,Budi,Tidak
769,TC,Plastisol,184.7,4.03,Asep,Tidak
770,Cotton,Discharge,183.0,3.36,Rini,Tidak
771,Polyester,Rubber,170.1,3.57,Deni,Tidak
772,Cotton,Rubber,192.7,3.56,Asep,Tidak
773,TC,Plastisol,188.8,3.0,Deni,Tidak
774,Polyester,Plastisol,173.1,3.51,Deni,Tidak
775,Cotton,Plastisol,194.7,3.1,Deni,Tidak
776,Polyester,Discharge,185.6,3.55,Rini,Tidak
777,TC,Plastisol,180.3,4.3,Deni,Cacat
778,Cotton,Plastisol,198.4,4.34,Rini,Cacat
779,Cotton,Plastisol,176.7,4.47,Budi,Cacat
780,TC,Plastisol,187.7,2.84,Deni,Tidak
781,TC,Discharge,193.8,3.25,Deni,Cacat
782,TC,Discharge,171.5,4.49,Asep,Cacat
783,TC,Plastisol,171.4,2.73,Rini,Cacat
784,Polyester,Plastisol,186.4,3.45,Budi,Tidak
785,Cotton,Discharge,190.6,2.52,Rini,Tidak
786,TC,Plastisol,189.9,3.04,Budi,Tidak
787,Polyester,Plastisol,185.3,3.74,Deni,Tidak
788,Cotton,Plastisol,184.9,3.72,Deni,Tidak
789,TC,Plastisol,180.7,3.32,Budi,Tidak
790,Cotton,Discharge,184.9,2.92,Rini,Tidak
791,Polyester,Plastisol,170.1,3.84,Asep,Tidak
792,TC,Discharge,184.8,4.4,Asep,Cacat
793,TC,Discharge,173.0,3.01,Budi,Cacat
794,Polyester,Rubber,177.9,2.6,Budi,Tidak
795,Cotton,Rubber,180.8,3.85,Rini,Tidak
796,TC,Plastisol,172.8,4.02,Asep,Tidak
797,Cotton,Plastisol,189.9,2.84,Deni,Tidak
798,Polyester,Discharge,178.0,3.97,Deni,Tidak
799,Polyester,Plastisol,173.4,3.3,Rini,Tidak
800,Polyester,Rubber,190.7,3.46,Rini,Tidak
801,TC,Plastisol,173.4,3.89,Asep,Tidak
802,Cotton,Plastisol,182.5,3.68,Rini,Tidak
803,Cotton,Discharge,181.4,3.22,Asep,Tidak
804,TC,Discharge,199.2,2.76,Rini,Cacat
805,Cotton,Rubber,183.2,2.63,Deni,Tidak
806,Cotton,Discharge,196.0,3.55,Budi,Cacat
807,TC,Rubber,185.6,3.88,Asep,Tidak
808,Polyester,Discharge,191.8,3.46,Rini,Tidak
809,Cotton,Discharge,196.8,3.73,Asep,Cacat
810,TC,Plastisol,185.2,3.44,Rini,Tidak
811,Cotton,Plastisol,192.5,3.14,Deni,Tidak
812,Polyester,Plastisol,185.2,3.6,Rini,Tidak
813,Polyester,Plastisol,172.4,3.39,Rini,Tidak
814,Cotton,Rubber,183.4,2.74,Rini,Tidak
815,TC,Discharge,170.5,3.31,Asep,Cacat
816,TC,Discharge,170.0,2.68,Deni,Cacat
817,TC,Discharge,176.2,3.84,Deni,Cacat
818,Polyester,Plastisol,194.5,4.19,Deni,Tidak
819,TC,Discharge,188.0,3.93,Deni,Cacat
820,TC,Rubber,173.4,4.02,Budi,Tidak
821,Cotton,Rubber,180.7,3.77,Deni,Tidak
822,TC,Discharge,181.2,2.71,Budi,Cacat
823,Polyester,Plastisol,194.7,3.99,Rini,Tidak
824,Cotton,Rubber,188.3,2.88,Rini,Tidak
825,Cotton,Rubber,194.7,2.88,Deni,Tidak
826,Cotton,Rubber,171.4,3.77,Asep,Tidak
827,Polyester,Rubber,189.8,4.41,Budi,Cacat
828,Polyester,Plastisol,185.9,2.6,Rini,Tidak
829,TC,Rubber,197.7,4.06,Budi,Cacat
830,TC,Discharge,175.2,4.13,Asep,Cacat
831,Polyester,Discharge,188.0,4.27,Rini,Cacat
832,Polyester,Discharge,197.5,4.02,Deni,Cacat
833,Polyester,Rubber,199.1,3.41,Budi,Cacat
834,Cotton,Rubber,188.1,4.27,Deni,Cacat
835,TC,Discharge,195.8,3.92,Budi,Cacat
836,Cotton,Plastisol,188.7,3.08,Deni,Tidak
837,TC,Plastisol,199.4,3.8,Budi,Cacat
838,TC,Discharge,190.8,3.14,Asep,Cacat
839,Polyester,Discharge,184.4,3.64,Rini,Tidak
840,TC,Discharge,196.8,3.57,Rini,Cacat
841,Cotton,Discharge,173.2,3.26,Asep,Tidak
842,TC,Plastisol,176.0,4.0,Budi,Tidak
843,Polyester,Discharge,177.5,4.18,Deni,Tidak
844,Cotton,Discharge,171.0,4.13,Asep,Tidak
845,TC,Discharge,192.2,4.23,Rini,Cacat
846,Cotton,Discharge,193.5,4.1,Deni,Tidak
847,TC,Discharge,171.4,3.26,Rini,Cacat
848,TC,Rubber,199.0,2.61,Deni,Cacat
849,Cotton,Discharge,196.1,4.22,Rini,Cacat
850,Cotton,Discharge,191.1,3.8,Budi,Tidak
851,TC,Plastisol,178.8,2.85,Asep,Tidak
852,Cotton,Plastisol,192.1,2.74,Asep,Tidak
853,Polyester,Rubber,186.7,2.76,Deni,Tidak
854,Cotton,Rubber,184.0,4.37,Asep,Cacat
855,Cotton,Rubber,187.9,4.05,Deni,Tidak
856,Polyester,Discharge,186.5,2.65,Deni,Tidak
857,TC,Plastisol,198.7,3.54,Budi,Cacat
858,Polyester,Discharge,186.1,2.68,Budi,Tidak
859,Cotton,Discharge,180.0,3.22,Budi,Tidak
860,TC,Discharge,184.2,3.62,Asep,Cacat
861,Cotton,Discharge,180.4,2.98,Budi,Tidak
862,Cotton,Discharge,196.6,3.26,Asep,Cacat
863,Polyester,Rubber,186.2,3.07,Deni,Tidak
864,TC,Discharge,183.4,2.59,Budi,Cacat
865,Polyester,Discharge,172.5,2.69,Asep,Cacat
866,TC,Plastisol,176.3,3.76,Budi,Tidak
867,TC,Rubber,195.1,2.91,Rini,Cacat
868,TC,Plastisol,192.4,2.81,Rini,Tidak
869,TC,Rubber,171.1,2.65,Budi,Cacat
870,Polyester,Discharge,172.1,4.14,Deni,Tidak
871,Polyester,Rubber,183.5,3.31,Deni,Tidak
872,Cotton,Rubber,190.2,3.57,Asep,Tidak
873,TC,Discharge,171.4,4.2,Deni,Cacat
874,TC,Plastisol,178.7,3.87,Asep,Tidak
875,Polyester,Rubber,181.4,4.14,Asep,Tidak
876,Polyester,Plastisol,186.0,2.77,Rini,Tidak
877,TC,Rubber,198.8,2.79,Deni,Cacat
878,Cotton,Discharge,196.2,2.78,Asep,Cacat
879,Cotton,Discharge,187.9,3.57,Asep,Tidak
880,Polyester,Plastisol,192.4,4.31,Deni,Cacat
881,Cotton,Rubber,197.2,4.2,Budi,Cacat
882,Cotton,Plastisol,176.6,4.17,Budi,Tidak
883,Cotton,Plastisol,190.1,3.63,Asep,Tidak
884,TC,Rubber,189.3,2.65,Asep,Tidak
885,Polyester,Plastisol,175.9,3.66,Deni,Tidak
886,Polyester,Plastisol,190.1,2.97,Deni,Tidak
887,TC,Plastisol,197.0,3.14,Rini,Cacat
888,Polyester,Discharge,189.8,3.89,Budi,Tidak
889,TC,Discharge,180.9,3.13,Rini,Cacat
890,Cotton,Plastisol,179.4,4.07,Rini,Tidak
891,Polyester,Rubber,174.0,3.97,Rini,Tidak
892,Polyester,Rubber,180.8,3.11,Asep,Tidak
893,Cotton,Discharge,188.2,4.18,Budi,Tidak
894,TC,Plastisol,177.9,4.27,Asep,Cacat
895,TC,Plastisol,196.8,4.2,Asep,Cacat
896,TC,Discharge,182.2,3.68,Asep,Cacat
897,TC,Rubber,186.3,4.5,Rini,Cacat
898,TC,Plastisol,181.0,2.95,Deni,Tidak
899,Cotton,Rubber,185.0,2.68,Deni,Tidak
900,TC,Plastisol,189.9,4.2,Budi,Tidak
901,TC,Plastisol,183.4,2.86,Budi,Tidak
902,TC,Discharge,184.5,3.22,Budi,Cacat
903,Polyester,Plastisol,171.9,3.24,Asep,Tidak
904,TC,Plastisol,185.5,4.08,Rini,Tidak
905,Polyester,Rubber,196.4,2.58,Deni,Cacat
906,Cotton,Discharge,199.1,3.77,Deni,Cacat
907,TC,Rubber,187.4,3.64,Rini,Tidak
908,TC,Rubber,181.0,3.81,Asep,Tidak
909,TC,Rubber,181.3,4.31,Rini,Cacat
910,Polyester,Rubber,184.6,3.46,Asep,Tidak
911,TC,Plastisol,183.2,2.96,Deni,Tidak
912,Cotton,Plastisol,175.6,3.22,Asep,Tidak
913,TC,Plastisol,182.4,3.16,Asep,Tidak
914,Polyester,Discharge,184.4,2.92,Budi,Tidak
915,TC,Rubber,170.7,2.59,Budi,Cacat
916,Cotton,Discharge,185.4,4.28,Budi,Cacat
917,Cotton,Plastisol,177.7,2.86,Rini,Tidak
918,TC,Discharge,189.1,4.26,Deni,Cacat
919,Cotton,Plastisol,183.5,4.49,Rini,Cacat
920,Cotton,Plastisol,194.9,3.7,Budi,Tidak
921,TC,Discharge,185.3,2.84,Deni,Cacat
922,Polyester,Discharge,187.7,2.96,Rini,Tidak
923,Cotton,Plastisol,170.5,3.55,Rini,Tidak
924,Cotton,Discharge,172.9,3.45,Asep,Tidak
925,TC,Discharge,192.6,2.69,Budi,Cacat
926,TC,Discharge,194.8,4.29,Rini,Cacat
927,TC,Rubber,181.1,2.59,Rini,Tidak
928,Cotton,Rubber,193.7,3.26,Asep,Tidak
929,Polyester,Plastisol,177.6,4.03,Asep,Tidak
930,Polyester,Discharge,196.3,3.32,Budi,Cacat
931,Cotton,Discharge,192.3,2.51,Asep,Tidak
932,TC,Plastisol,181.3,2.91,Deni,Tidak
933,Polyester,Rubber,173.2,3.35,Deni,Tidak
934,Polyester,Discharge,182.7,3.23,Deni,Tidak
935,TC,Rubber,192.6,3.33,Rini,Tidak
936,Cotton,Rubber,186.8,3.47,Deni,Tidak
937,TC,Rubber,193.2,3.3,Budi,Tidak
938,TC,Plastisol,192.4,3.39,Budi,Tidak
939,Cotton,Plastisol,185.3,4.07,Asep,Tidak
940,Cotton,Rubber,198.9,2.51,Asep,Cacat
941,Cotton,Rubber,197.8,3.37,Asep,Cacat
942,Polyester,Plastisol,181.1,3.72,Rini,Tidak
943,Polyester,Discharge,189.7,3.07,Asep,Tidak
944,Cotton,Discharge,184.8,2.52,Deni,Tidak
945,Cotton,Plastisol,193.5,3.52,Budi,Tidak
946,TC,Plastisol,190.2,3.22,Asep,Tidak
947,Cotton,Plastisol,199.9,4.06,Deni,Cacat
948,TC,Rubber,182.2,2.9,Asep,Tidak
949,TC,Discharge,172.1,2.68,Deni,Cacat
950,TC,Discharge,197.5,3.2,Deni,Cacat
951,Cotton,Discharge,198.9,3.41,Rini,Cacat
952,TC,Plastisol,177.8,3.31,Asep,Tidak
953,TC,Plastisol,185.1,3.18,Asep,Tidak
954,TC,Rubber,196.3,4.13,Deni,Cacat
955,TC,Rubber,199.0,3.63,Budi,Cacat
956,Polyester,Rubber,190.4,4.29,Asep,Cacat
957,Polyester,Plastisol,177.7,3.27,Budi,Tidak
958,TC,Discharge,176.9,3.13,Deni,Cacat
959,TC,Discharge,170.3,4.16,Budi,Cacat
960,Polyester,Plastisol,182.0,4.0,Deni,Tidak
961,Cotton,Discharge,197.9,3.45,Deni,Cacat
962,Cotton,Discharge,178.1,4.39,Budi,Cacat
963,Polyester,Discharge,176.0,3.97,Deni,Tidak
964,Cotton,Plastisol,176.1,3.0,Deni,Tidak
965,Cotton,Plastisol,173.6,2.66,Rini,Cacat
966,TC,Plastisol,192.9,3.58,Asep,Tidak
967,Polyester,Rubber,188.6,3.48,Deni,Tidak
968,Polyester,Plastisol,199.5,4.33,Deni,Cacat
969,Polyester,Plastisol,192.5,2.76,Rini,Tidak
970,Polyester,Discharge,171.0,3.19,Budi,Tidak
971,Polyester,Plastisol,190.9,3.42,Asep,Tidak
972,Cotton,Discharge,176.3,3.66,Deni,Tidak
973,Polyester,Discharge,195.9,2.87,Deni,Cacat
974,Cotton,Rubber,184.1,3.73,Deni,Tidak
975,Cotton,Rubber,182.7,3.34,Deni,Tidak
976,Polyester,Rubber,178.4,2.86,Budi,Tidak
977,TC,Discharge,176.9,2.7,Deni,Cacat
978,Cotton,Discharge,183.0,3.26,Budi,Tidak
979,TC,Plastisol,184.2,2.52,Rini,Tidak
980,Polyester,Plastisol,199.9,4.2,Deni,Cacat
981,Polyester,Rubber,177.5,4.22,Asep,Cacat
982,Polyester,Plastisol,190.7,2.62,Deni,Tidak
983,Polyester,Discharge,172.9,3.99,Deni,Tidak
984,Polyester,Rubber,186.8,4.36,Deni,Cacat
985,Polyester,Plastisol,182.4,3.2,Budi,Tidak
986,TC,Discharge,189.5,3.58,Deni,Cacat
987,Polyester,Rubber,190.2,3.47,Rini,Tidak
988,Cotton,Rubber,188.4,3.43,Budi,Tidak
989,Cotton,Discharge,194.2,3.17,Rini,Tidak
990,Cotton,Plastisol,174.9,2.96,Deni,Cacat
991,TC,Rubber,191.3,3.71,Rini,Tidak
992,Polyester,Rubber,193.4,4.38,Rini,Cacat
993,Polyester,Plastisol,175.5,2.55,Budi,Tidak
994,TC,Rubber,198.2,3.9,Asep,Cacat
995,Cotton,Plastisol,181.9,2.69,Rini,Tidak
996,TC,Plastisol,170.8,3.29,Asep,Tidak
997,Cotton,Rubber,188.5,2.67,Rini,Tidak
998,Polyester,Plastisol,177.4,3.07,Budi,Tidak
999,Cotton,Discharge,195.2,2.56,Deni,Cacat
1000,Polyester,Rubber,184.0,4.24,Deni,Cacat
